ID,nume,nota SO,email
1,Mihai,10,mihai@ase.ro
2,Stefania,9,stefania@ase.ro
3,Radu,6,radu@gmail.com
4,mark,7,mark@ma.rk
5,jack,2,jack@ja.ck
6,Ion,1,ion@pebalc.on
7,It,6,me@urp.lace
9,Mark,8,mark@rob.er
11,Popescu,8,kylianmbpappe@hotmail.sux
12,Alex,9,alex@alex.com
13,kylian,8,kylian@mbap.pe
